customer_review_id,customer_id,location_id,review_datetime,review_text,social_media_source,social_media_handle,product_id,rating
150,1150,5001,2025-05-04 16:43:48,"My little one looks absolutely adorable in this Android Pocket Toddler Tee! The white is so crisp and clean, and the little robot pocket is just the cutest detail. The material is super soft, which is a huge plus because my toddler has sensitive skin. It's held up really well after multiple washes too, no shrinking or fading. Definitely recommend this tee if you're looking for something comfortable, stylish, and durable for your little android-lover!",Blog,@BlogUser_1150_633,20873,4
182,1182,5001,2025-06-22 03:54:55,"Okay, I absolutely adore this onesie! The ""Google Beekeepers 2019 Onesie Pink"" is so comfy and soft. The pink is a really nice shade, not too bright, and the little bee design is just adorable. It's perfect for lounging around the house on a chilly day. I get compliments on it all the time, even when I'm just wearing it to take out the trash! Definitely recommend this for anyone who wants to be cozy and cute. Great quality material too, seems like it will last a long time.",Blog,@BlogUser_1182_285,49023,5
6,1006,5001,2025-02-06 10:25:49,"Okay, I absolutely love this Google PNW Campus Tee! The design is subtle but cool, and it's a great way to rep my techie side without being too flashy. The material is super soft and comfy – I've already worn it like three times this week. Plus, it's unisex sizing, which means it fits perfectly. Seriously, if you're looking for a comfortable and stylish tee, especially if you're a fan of Google or the Pacific Northwest, you can't go wrong with this one!",Blog,@BlogUser_1006_370,22530,5
78,1078,5001,2025-03-17 11:01:54,"I absolutely love this hoodie! The ""YouTube Standards Zip Hoodie Black"" is super comfortable, the material is really soft on the inside. The fit is perfect, not too baggy and not too tight. I've washed it a few times already and it still looks brand new, the color hasn't faded at all. Definitely worth the money, and I get compliments on it all the time. Would highly recommend it to any YouTube fans!",Blog,@BlogUser_1078_823,35904,3
147,1147,5001,2025-06-16 20:38:11,"This ""Android Garden 2019 Tee"" is fantastic! The design is so unique and eye-catching, I've already gotten a ton of compliments on it. The fabric is really soft and comfortable, perfect for everyday wear. I was worried about the print fading after washing, but it's held up great so far. Definitely a conversation starter and a fun way to show off my techy side. I'm really happy with my purchase",Facebook,@FacebookUser_1147_893,47489,3
27,1027,5001,2025-04-05 05:18:27,"I absolutely love my Google Tee Blue! The color is a really nice, vibrant blue that hasn't faded after a few washes. The material is super soft and comfortable, perfect for everyday wear. I ordered a size medium and it fits true to size. I've gotten a lot of compliments on it already, and it's a fun, subtle way to show my appreciation for Google products without being too flashy. Definitely recommend!",Facebook,@FacebookUser_1027_441,43696,5
140,1140,5001,2025-04-22 22:01:30,"This hoodie is seriously comfy! I love that it's eco-friendly, you can tell the quality is really good. The black color is classic and goes with everything. The zip is smooth and the fit is perfect - not too baggy, not too tight. I've been wearing it practically every day since I got it. Definitely worth the purchase, especially if you're looking for a sustainable and stylish hoodie.",Facebook,@FacebookUser_1140_373,46432,2
91,1091,5001,2025-03-12 14:42:47,"This sweatshirt is my new favorite! The Google Land & Sea French Terry is so soft and comfortable, I practically live in it now. The fabric is a really nice weight - not too heavy, not too thin - perfect for layering or wearing on its own. I love the simple, clean design too. It's definitely a step up from my other sweatshirts and I get compliments on it all the time! Worth every penny.",Facebook,@FacebookUser_1091_646,40604,4
41,1041,5001,2025-01-14 08:55:07,"This Google Tech Fleece is awesome! I've been wearing it non-stop since it arrived. The grey color is really versatile and goes with everything. It's super comfortable and keeps me warm without being too bulky. The fit is perfect, true to size, and the quality is definitely worth the price. Highly recommend this if you're looking for a comfortable and stylish everyday fleece.",Facebook,@FacebookUser_1041_961,39573,4
92,1092,5001,2025-01-15 11:31:53,"I absolutely love this Google Sherpa Vest! I got it in black and it's so cozy and warm. Perfect for layering on chilly days or just wearing around the house. The quality is fantastic - the sherpa is super soft and the overall construction feels really durable. Plus, it has these great deep pockets that are actually functional. Definitely a worthwhile purchase and a staple in my fall/winter wardrobe!",Instagram,@InstagramUser_1092_355,44938,4
186,1186,5001,2024-12-25 00:42:52,"I absolutely love my Google Raincoat Navy! It's surprisingly stylish for a raincoat, and the navy color is really sharp. I've worn it a few times in heavy downpours and stayed completely dry. The material feels high-quality and durable, and I appreciate the well-designed hood. It's also lightweight and easy to pack away when the sun comes out. Definitely a great purchase!",Instagram,@InstagramUser_1186_739,41693,4
94,1094,5001,2024-11-16 23:12:57,"I absolutely love this Google Vintage Navy Tee! It's so comfortable and the material feels really soft. The vintage logo gives it a cool, retro vibe that I've gotten tons of compliments on. I was worried about the sizing, but it fits perfectly. Seriously, it's become my go-to casual shirt. Definitely recommend for any Google fan or anyone who just appreciates a classic, well-made tee.",Instagram,@InstagramUser_1094_934,30178,3
85,1085,5001,2025-01-10 12:32:47,"I absolutely love my Google Cork Key Ring! It's so simple, yet stylish, and I get compliments on it all the time. The cork feels really nice in my hand, it's surprisingly durable, and it's a fun, subtle way to show my appreciation for Google products without being too flashy. Plus, it's lightweight, so it doesn't add any extra bulk to my already overflowing keychain. Definitely a great little accessory for any Google enthusiast!",Instagram,@InstagramUser_1085_193,46965,3
3,1003,5001,2024-11-29 07:26:30,"This hoodie is seriously awesome! I got the Google Campus Unisex Zip Hoodie in the grey and it's my new go-to for everything. The material is super soft and comfortable, and the fit is perfect - not too baggy, not too tight. The zipper is smooth and the hood is a good size. I've washed it a few times already and it still looks brand new. Plus, I get compliments on it all the time. Definitely worth the purchase!",Naver Cafe,@NaverCafeUser_1003_138,26194,3
110,1110,5001,2024-12-08 23:12:08,"Just got my Google Trike Tee in black and I love it! The shirt is super comfortable, the fabric is really soft, and the print quality is excellent. I've already gotten a few compliments on it. It fits true to size, which is always a plus when ordering online. Definitely a fun and unique shirt for any Google enthusiast. Would highly recommend!",Naver Cafe,@NaverCafeUser_1110_331,43845,5
56,1056,5001,2025-01-14 13:55:21,"This Google 4in Decal is exactly what I was looking for! I wanted a subtle way to show my love for the brand without being too flashy, and this sticker is perfect. The size is great for my laptop and the colors are vibrant. Application was super easy, no bubbles or peeling. Seems like really good quality vinyl, I'm confident it will hold up well. Highly recommend if you want a clean and simple Google decal.",Threads,@ThreadsUser_1056_752,44550,4
12,1012,5001,2025-05-18 06:51:39,"This Google Tudes Recycled Tee is fantastic! I love the simple design, and the material is surprisingly soft and comfortable for being recycled. I've worn it several times already, and it washes really well - no shrinking or fading. Knowing it's made from recycled materials makes me feel good about my purchase too. Definitely a win-win! I'd highly recommend this tee if you're looking for a comfortable, stylish, and eco-friendly option.",Twitter,@TwitterUser_1012_467,27035,4
125,1125,5001,2025-01-18 15:18:25,"Just got my Google Land & Sea tee and I absolutely love it! The design is so cool and subtle, perfect for showing off my Google pride without being too flashy. The material is really soft and comfortable, definitely a shirt I can wear all day. The fit is also great – true to size and flattering. I’ve already gotten compliments on it! Seriously considering buying another one in a different color. Great quality and a unique design, highly recommend!",Twitter,@TwitterUser_1125_911,28223,3
120,1120,5001,2024-12-17 11:17:24,"I was looking for a simple, clean Google logo decal for my laptop and this 4in one is perfect! The quality is surprisingly good - the vinyl feels thick and durable, not flimsy at all. Application was super easy, no bubbles or peeling. It looks really sharp and professional, exactly what I wanted. Plus, the price was great! I'm definitely happy with my purchase and would recommend it to anyone wanting a subtle Google accent on their gear.",Twitter,@TwitterUser_1120_375,44550,3
132,1132,5001,2025-05-29 18:41:31,"The Google logo T-shirt, I finally got my hands on it! As someone who usually prefers simple yet stylish designs, the Google logo T-shirt was the perfect outfit for my taste. The material is also so good that it feels really soft and comfortable when worn. I think I can wear it beautifully for a long time as there's almost no deformation after washing. The delivery was also fast, so the waiting time wasn't boring. It's also good for casual coordination and goes well with any clothes, so it's highly versatile. I think I'll purchase without hesitation if I find other items I like from the Google Merchandise Store in the future. It was a really satisfactory purchase!",X,@XUser_1132_941,39331,4
75,1075,5001,2024-12-29 10:30:26,"I absolutely love my Google LA Campus Mug! It's become my go-to for morning coffee. The design is simple but cool, a nice reminder of the innovative spirit of Google. It feels sturdy and well-made, definitely not some cheap giveaway mug. It's the perfect size for a good cup of coffee and washes up easily in the dishwasher. Highly recommend it for any Google fan or anyone looking for a quality, stylish mug.",X,@XUser_1075_250,31072,4
19,1019,5001,2025-06-24 18:00:45,"This Google Austin Campus Tee is awesome! The material is super soft and comfortable, not scratchy at all. I love the design – it's subtle enough to wear anywhere but still shows off my Google pride. The fit is perfect too, true to size for a unisex tee. I've washed it a couple of times already and it hasn't shrunk or faded. Definitely a great buy for any Google enthusiast or Austin lover!",YouTube,@YouTubeUser_1019_510,38996,5
111,1111,5002,2025-06-30 04:41:29,"Okay, I just got my Google Mountain View Campus Zip Hoodie and I absolutely love it! The material is super soft and comfy, perfect for lounging around or wearing to the gym. The fit is true to size, and the logo is subtle but still shows off my Google pride. I've already gotten a bunch of compliments on it. Definitely worth the purchase for any Google fan or anyone looking for a high-quality, comfortable hoodie.",Blog,@BlogUser_1111_416,20775,4
28,1028,5002,2025-06-12 03:43:57,"My kids absolutely loved ""Daddy Works at Google Book""! It's such a fun and engaging way to explain what I do all day. The illustrations are bright and colorful, and the story is simple enough for my 4-year-old to understand, but still interesting for my 7-year-old. It sparked a lot of great conversations about technology and creativity. Definitely a win for our family and a great way to bridge the gap between work and home life.",Blog,@BlogUser_1028_560,27469,4
10,1010,5002,2025-05-15 03:17:56,"My son absolutely loves his Google Youth Hero Tee in grey! It's super soft and comfortable, which is a big win because he's picky about his clothes. The design is cool and simple, not too flashy. It's also held up really well in the wash, no fading or shrinking so far. He wears it all the time, whether he's playing video games or just hanging out. Definitely a great purchase and I'll probably be ordering another one soon!",Blog,@BlogUser_1010_974,29972,5
9,1009,5002,2024-12-08 01:43:03,"Okay, I absolutely love this Stan and Friends 2019 Tee! The material is so soft and comfortable, it's quickly become my go-to shirt for casual days. The design is really well done, the print quality is excellent, and it hasn't faded at all after multiple washes. Plus, it's a great conversation starter - I've already gotten a few compliments on it! Definitely worth the purchase and a fun way to show some love for the show.",Instagram,@InstagramUser_1009_257,33061,5
169,1169,5002,2025-05-26 03:18:04,"Okay, I just got my Google Sherpa Zip Hoodie in Navy and I'm already obsessed! It's SO soft and warm, perfect for chilly evenings. The navy color is really rich and looks great. I was worried it might be bulky, but it's surprisingly lightweight and comfortable. The zipper feels sturdy and the overall quality seems excellent. Definitely worth the money if you're looking for a cozy and stylish hoodie. I might even buy another one in a different color!",Instagram,@InstagramUser_1169_458,23857,3
42,1042,5002,2025-05-03 07:42:49,"Okay, I was skeptical about a ""Google Glass Bottle"" at first, thinking it was some gimmicky thing. But honestly, I'm really impressed! The glass is super sturdy and feels great in my hand. I love that it doesn't leach any weird flavors into my water, unlike some plastic bottles I've used. Plus, it's surprisingly easy to clean. I've been using it every day for a week now, and it's quickly become my go-to water bottle. Definitely worth the purchase!",Instagram,@InstagramUser_1042_570,25886,3
30,1030,5002,2025-04-06 13:42:07,"My little one absolutely loves this Google Gray Toddler Zip Hoodie! It's so soft and comfortable, he wants to wear it everywhere. The zipper is easy for him to manage on his own, which is a huge plus. The gray color is perfect because it goes with everything, and it washes really well - no shrinking or fading after multiple washes. Definitely a great purchase and a new staple in his wardrobe!",Instagram,@InstagramUser_1030_174,35806,4
199,1199,5002,2025-03-26 05:22:49,"Just got my Google Men's Softshell Moss jacket and I'm really impressed! The color is even better in person – a really nice, muted green. It's super comfortable, the material is soft and flexible, and it fits true to size. Perfect for those chilly mornings and evenings. I've already worn it hiking and just running errands, and it's quickly become my go-to jacket. Definitely recommend!",Naver Cafe,@NaverCafeUser_1199_413,38919,1
105,1105,5002,2025-02-05 00:58:45,"I absolutely love my Google Black Cloud Tee! The fabric is so soft and comfortable, perfect for everyday wear. The design is simple and clean, which I appreciate. It's subtle enough to wear to work but still shows off my love for Google. It also washes really well; the color hasn't faded at all after several washes. Definitely recommend this tee if you're looking for a comfortable and stylish way to represent Google!",Naver Cafe,@NaverCafeUser_1105_337,30102,2
36,1036,5002,2024-11-14 04:40:47,"Chromecast Review. I recently purchased and tried a Chromecast from the Google Merchandise Store. I think the biggest advantage is being able to easily watch videos from a smartphone or tablet on the TV. It's especially convenient for me as I often use streaming services like YouTube and Netflix. The connection is simple without complicated settings, and the picture quality is satisfactory. However, it's disappointing that the Wi-Fi connection is sometimes unstable and disconnects. Also, the mirroring function is not perfect, so a slight screen delay is sometimes felt. Still, I think the performance is decent for the price. It would be an even more perfect Chromecast if more stable connectivity and support for various apps were added. Overall, I'm using it with satisfaction",Naver Cafe,@NaverCafeUser_1036_251,33216,5
151,1151,5002,2025-02-10 13:14:41,"I absolutely love this Google Women's Softshell Moss jacket! The color is gorgeous and perfect for fall. It's super comfortable and soft, and the fit is really flattering. I've worn it hiking and just running errands, and it's been great for both. It keeps me warm without being bulky. Definitely recommend it if you're looking for a stylish and practical softshell jacket!",Naver Cafe,@NaverCafeUser_1151_948,21241,4
141,1141,5002,2025-01-23 00:13:02,"I recently bought Chromecast from the Google Merchandise Store, and I'm really satisfied! It was a product I had been eyeing for a while, and when it finally came into my hands, it exceeded my expectations. Above all, I liked that the installation was so simple. Thanks to the intuitive connection method, which was almost unnecessary to look at the manual for, I could connect it to the TV in no time. It was amazing that screen mirroring was possible immediately by simply connecting it with my smartphone. The picture quality is also really clean and there are no interruptions, so the immersion when watching movies or dramas has increased 훨씬 (much more). Especially, watching OTT services like YouTube and Netflix on the big screen felt like being in a movie theater. Thanks to Chromecast, my time spent at home has become more enjoyable. The delivery was also fast, and the packaging condition was meticulous, further increasing my trust in the product. If anyone is considering it, I think it would be good to purchase without hesitation. Highly recommended",Threads,@ThreadsUser_1141_241,39138,4
64,1064,5002,2025-06-01 13:49:23,"I absolutely love this Google Summer19 Crew in grey! The material is super soft and comfortable, perfect for lounging around or throwing on for a casual day out. The fit is great too, not too baggy and not too tight. I've washed it a few times already and it still looks brand new. It's a simple design but it's really well-made and has quickly become one of my favorite sweatshirts. Definitely recommend!",Twitter,@TwitterUser_1064_826,31420,3
165,1165,5002,2024-11-15 03:41:36,"I absolutely love my Google Austin Campus Ladies Tee! The fit is perfect, not too tight and not too boxy. The fabric is super soft and comfortable, which is a huge plus since I wear it all the time. It's a great way to show my support for Google and the Austin campus without being too flashy. I've washed it a bunch of times already and the color and design have held up really well. Definitely recommend this tee!",Twitter,@TwitterUser_1165_812,45304,5
89,1089,5002,2025-04-11 10:10:52,"This vest is amazing! The Google Women's Tech Fleece Vest in charcoal is my new go-to for layering. It's so comfortable and warm without being bulky, which is perfect for my active lifestyle. I love the fit - it's flattering without being too tight. The material feels really high quality and I can tell it will hold up well. Definitely recommend this vest to anyone looking for a stylish and functional piece!",X,@XUser_1089_745,34007,5
148,1148,5002,2025-02-21 00:29:36,"I absolutely love my Google Chicago Campus tee! The fabric is super soft and comfortable, it's definitely going to be my new go-to casual shirt. The design is simple but stylish, and it's a great way to show off my connection to the city. The fit is perfect too – true to size and not too boxy. I've already gotten a few compliments on it! Highly recommend this tee to anyone who loves Chicago or Google (or both!).",X,@XUser_1148_980,49783,3
133,1133,5002,2025-04-21 04:18:55,"This hoodie is seriously comfy! The French terry is so soft against my skin, and the navy color is a really nice, classic look. I love the subtle Google logo - it's not too flashy. The zip is smooth and the fit is perfect, not too tight and not too baggy. It's become my go-to for lounging around the house or throwing on for a quick errand. Definitely worth the purchase!",X,@XUser_1133_142,42496,5
175,1175,5002,2025-01-05 08:00:33,"This Google LA Campus Ladies Tee is seriously comfy! The material is super soft and the fit is perfect – not too tight, not too baggy. I love the design; it's simple and stylish and shows off my Google pride without being over the top. I've already worn it a bunch of times and it washes really well. Definitely a good buy for any Google fan!",X,@XUser_1175_310,49947,5
90,1090,5002,2025-06-14 03:45:04,"I absolutely love my Google Kirkland Campus tee! The fabric is super soft and comfortable, perfect for wearing around the house or out running errands. The design is subtle but cool, and I've already gotten a few compliments on it. It's definitely become one of my favorite t-shirts. Plus, it washes really well without shrinking or fading. Highly recommend if you're looking for a comfy and stylish way to represent the Kirkland campus!",YouTube,@YouTubeUser_1090_686,25258,2
49,1049,5002,2025-04-25 11:26:44,"Just got my Google Black Cloud Polo and I'm really impressed! The material is super comfortable and breathable, which is perfect for those warmer days. The subtle Google logo is a nice touch, not too flashy. I've already worn it a couple of times and it still looks brand new. Definitely a high-quality polo that I can see myself wearing for a long time. Great purchase!",YouTube,@YouTubeUser_1049_271,27739,5
157,1157,5002,2025-05-24 21:41:59,"I absolutely love this Google tee! The fit is perfect – not too tight, not too baggy. The material is super soft and comfy, which is a huge plus. I've washed it a few times already, and the black color hasn't faded at all. It's a simple design, but it's a great way to show off my love for Google. Definitely recommend this tee for anyone looking for a comfortable and stylish everyday shirt!",YouTube,@YouTubeUser_1157_458,45844,5
54,1054,5003,2025-05-14 06:42:28,"My son absolutely loves his Google Kids Playful Tee! The design is so bright and cheerful, and he gets compliments on it everywhere we go. The fabric is really soft and comfortable, which is a huge plus because he's super picky about what he wears. It's also held up great in the wash so far, no fading or shrinking. I'm definitely thinking about getting another one in a different color. Great quality and a really fun shirt for kids!",Blog,@BlogUser_1054_647,33241,3
149,1149,5003,2024-12-12 23:29:16,"As I usually prefer simple designs, the Google backpack caught my eye immediately. The clean design with the subtly engraved Google logo doesn't stand out too much and gives a stylish feel. The storage space is also ample, making it very convenient to efficiently organize laptops, books, personal belongings, etc. I especially liked that the shoulder straps are comfortably designed, so it's less burdensome on my shoulders even when worn for a long time. The material is also sturdy, so I think I can use it for a long time, and the finishing is also meticulous, giving me confidence in the quality. The delivery was fast, and the packaging was meticulous, so I received the product with pleasure. Overall, I think it's an excellent product for the price, and I want to highly recommend it to people around me. Thanks to the Google backpack, my daily commute has become more enjoyable.",Blog,@BlogUser_1149_498,32857,4
44,1044,5003,2024-11-12 15:57:29,"Okay, I absolutely love my Google Striped Tank! It's so comfortable and the material is surprisingly soft. I wasn't sure what to expect, but it's quickly become one of my go-to shirts for casual days. The stripes are classic and go with everything. Plus, it's a subtle way to show off my love for Google without being too flashy. Definitely recommend it if you're looking for a comfy and stylish everyday tank!",Blog,@BlogUser_1044_397,20521,1
188,1188,5003,2025-02-07 00:46:47,"This Google NYC Campus Ladies Tee is seriously comfy! The material is so soft, and the fit is perfect – not too tight, not too baggy. I love the subtle Google NYC design; it's a cool way to represent my love for the city and the tech scene. I've worn it to the gym, running errands, and even casually to work. Washes well too, no shrinking or fading. Definitely recommend if you're looking for a stylish and comfortable tee!",Blog,@BlogUser_1188_856,20394,4
73,1073,5003,2024-11-02 11:37:29,"I'm really satisfied with the Pixel phone case I purchased from the Google Merchandise Store! After using it for a few days, I understood why so many people recommend it. Above all, the design is clean and perfectly matches the Pixel phone. Even with the case on, the phone's grip has improved 훨씬 (much more), and the anti-slip function is excellent, so I can use it with peace of mind. The feel of pressing the buttons is good, and the cable connection part is also neatly finished without interference, making it very convenient to use. Thanks to the sturdy material, I feel confident that it will protect my phone safely. It was also good that the delivery was fast, so I could use it right away without waiting. Overall, I think the quality is excellent for the price, and I strongly recommend it to Pixel phone users.",Facebook,@FacebookUser_1073_241,24773,5
153,1153,5003,2024-11-09 17:01:56,"This is a review of the Google logo T-shirt purchased from the Google Merchandise Store. I did not get as much satisfaction as I expected. First, the T-shirt material was thinner and less soft than I thought. After a few washes, the neck part seems to stretch a bit, which is disappointing. It was good that the Google logo was clearly printed, but I think the overall quality is lower for the price. The delivery was also late, so I couldn't wear it on the day I needed it. Of course, it could be the courier's fault, but it would have been nice if I had been notified in advance. Considering the Google brand value, I think improvement in the quality of the Google logo T-shirt and the delivery service is needed. I'll have to check more carefully before purchasing in the future.",Facebook,@FacebookUser_1153_300,35372,5
84,1084,5003,2024-12-13 16:49:54,"This tee is awesome! The mint color is so fresh and looks great. I was a little hesitant ordering online, but the quality is top-notch. The fabric is soft and comfortable, not scratchy at all. The ""Google Beekeepers 2019"" design is subtle but cool, a fun conversation starter for sure. Fits perfectly true to size too. Definitely recommend it for anyone looking for a unique and comfy t-shirt.",Facebook,@FacebookUser_1084_831,45516,4
16,1016,5003,2024-12-14 02:05:29,"Okay, I absolutely love this Google Austin Campus Zip Hoodie! The material is so soft and comfortable, perfect for those slightly chilly Austin evenings. The fit is great, not too baggy and not too tight. I've already worn it a bunch and it's held up really well after washing. The subtle Google logo is a nice touch – not too flashy, but still shows my Austin pride. Definitely recommend grabbing one if you're a fan!",Facebook,@FacebookUser_1016_743,36335,2
174,1174,5003,2025-04-09 00:46:25,"Okay, I absolutely love this Google Maps Pin Tee! It's such a fun and quirky design. The fabric is really soft and comfortable, not scratchy at all. I've gotten so many compliments on it already, people always ask where I got it. It's a great conversation starter and perfect for anyone who loves to travel or just appreciates a unique shirt. Definitely recommend grabbing one!",Instagram,@InstagramUser_1174_407,40875,2
170,1170,5003,2024-12-08 10:50:19,"I absolutely love this vest! The Google Men's Tech Fleece Vest in Charcoal is exactly what I was looking for. It's lightweight and comfortable, perfect for layering on cool mornings or evenings. The fit is great, not too bulky, and the material feels really high quality. I've worn it to the gym, running errands, and even just lounging around the house. It's versatile and looks sharp. Definitely recommend!",Instagram,@InstagramUser_1170_593,21184,1
189,1189,5003,2025-02-27 03:16:41,"Okay, I absolutely love this Google LA Campus Zip Hoodie! It's so comfortable and the material is really soft - perfect for those slightly chilly evenings. I wear it all the time, whether I'm working from home or running errands. The design is subtle but cool, and I've already gotten a few compliments on it. Definitely worth the purchase if you're looking for a cozy and stylish hoodie that's a little different. Great quality overall!",Instagram,@InstagramUser_1189_736,24475,4
62,1062,5003,2025-03-13 09:50:01,"I absolutely love my Google Bike Bottle! It's the perfect size for my rides, not too bulky but holds enough water to keep me hydrated. The design is sleek and the material feels really durable. Plus, the Google logo is subtle and cool. It's super easy to clean too, which is a huge bonus after a muddy trail. Highly recommend it to anyone looking for a reliable and stylish water bottle for their cycling adventures!",Instagram,@InstagramUser_1062_431,29955,5
69,1069,5003,2025-03-22 01:23:15,"I absolutely love my Google Mural Tote! It's so much bigger than I expected, which is a huge plus. I can easily fit my laptop, a water bottle, a notebook, and even a light jacket inside. The design is really cool and subtle, not overly branded. It's also surprisingly sturdy; I've been using it for groceries and books and it's held up perfectly. Definitely a great everyday tote bag that's both practical and stylish.",Instagram,@InstagramUser_1069_523,31652,5
195,1195,5003,2025-02-05 21:31:27,"This Google F/C Longsleeve is seriously comfortable! The charcoal color is really versatile and goes with everything. The material is soft and breathable, not too heavy, which is perfect for layering or wearing on its own. I've washed it a few times now and it still looks great, no fading or shrinking. Definitely a good quality long sleeve that I'd recommend to any Google fan.",Instagram,@InstagramUser_1195_503,40417,3
80,1080,5003,2024-12-02 09:57:10,"Just got my Google Kirkland Campus Patch Set and I'm so happy with it! The patches are really high quality, with vibrant colors and clean stitching. They look great on my backpack and laptop bag. It's a fun, subtle way to show my connection to the Kirkland campus. Definitely a cool little souvenir and a great conversation starter for anyone who knows the area! Worth the price, highly recommend!",Instagram,@InstagramUser_1080_378,43320,3
96,1096,5003,2025-03-23 19:08:47,"This hoodie is awesome! I was looking for something comfy and stylish to wear around campus and this Google Cambridge zip hoodie totally fits the bill. The material is super soft and feels really high quality. I love the subtle branding, it's not too over-the-top. It's definitely become my go-to for chilly days and I've gotten a bunch of compliments on it already. Totally recommend!",Naver Cafe,@NaverCafeUser_1096_609,24206,4
35,1035,5003,2025-01-22 22:18:26,"My son absolutely loves this Google Youth FC Tee! The charcoal color is really cool and goes with everything. The material is super soft and comfortable, which is a big win since he's pretty picky about what he wears. It's held up really well in the wash, too. He wears it to soccer practice and just hanging out, and it still looks brand new after several washes. Definitely a great buy for any young Google fan!",Naver Cafe,@NaverCafeUser_1035_673,24290,4
171,1171,5003,2025-06-27 21:13:37,"This hoodie is seriously comfy! I love the simple Google SF Campus design, it's subtle but still shows my appreciation for the company. The material is soft and warm, perfect for chilly evenings or just lounging around. The fit is great too, true to size. I've washed it a few times already and it still looks brand new. Definitely worth the money if you're looking for a well-made and comfortable hoodie.",Naver Cafe,@NaverCafeUser_1171_120,32103,3
116,1116,5003,2025-03-16 20:49:28,"This sweatshirt is seriously comfy! The Google Gray color is a really nice neutral and goes with everything. The French terry fabric is soft against my skin and perfect for lounging around the house or running errands. It's not too heavy, so I can wear it in a lot of different weather. I also appreciate the quality – it feels well-made and like it will hold up well after many washes. Definitely worth the purchase!",Threads,@ThreadsUser_1116_919,28717,5
137,1137,5003,2025-01-19 12:00:36,"This Google Heather Green Speckled Tee is surprisingly awesome! I was looking for a simple, comfortable t-shirt and this exceeded my expectations. The fabric is really soft and breathable, perfect for everyday wear. I love the subtle speckled design; it adds a little something extra without being too flashy. The fit is true to size, and it washes really well – no shrinkage! Definitely recommend this tee if you're looking for a comfortable, well-made basic.",Threads,@ThreadsUser_1137_103,47659,5
154,1154,5003,2024-11-21 18:41:52,"Just got my Google Seattle Campus Patch Set and I absolutely love them! They're really well-made, the stitching is crisp and clean, and the designs are super cute and accurately represent the Seattle campus vibe. I'm planning on putting them on my backpack and laptop bag to show off my Google pride. A great little souvenir and conversation starter! Highly recommend for any Googler or fan of the company.",Threads,@ThreadsUser_1154_945,37034,4
21,1021,5003,2025-03-22 00:49:03,"I absolutely love this Google puff jacket! It's surprisingly warm without being bulky, which is exactly what I was looking for. The black color is classic and goes with everything. I've worn it in light rain and it held up great. The fit is also perfect, true to size. I appreciate the subtle Google branding - it's stylish and not over the top. Definitely recommend!",Threads,@ThreadsUser_1021_282,20828,4
52,1052,5003,2025-04-05 18:59:38,"I absolutely love this Google Land & Sea tee! It's so soft and comfortable, perfect for everyday wear. I appreciate that it's made with eco-friendly materials, knowing I'm making a slightly better choice for the planet. The design is subtle but stylish, and the fit is just right - not too tight, not too baggy. I've washed it a few times already, and it's held up beautifully. Definitely recommend!",Threads,@ThreadsUser_1052_118,32183,4
72,1072,5003,2025-04-10 23:07:49,"Okay, I absolutely love this Google Pride Eco-Tee! The black color is sharp, and the fabric is so soft and comfortable. I'm really impressed with the quality, especially knowing it's made with eco-friendly materials. It's a great way to show my support for the LGBTQ+ community, and it looks good doing it. The fit is perfect too – true to size. Definitely recommend grabbing one if you're looking for a stylish and sustainable way to celebrate Pride!",Threads,@ThreadsUser_1072_828,45051,4
103,1103,5003,2025-01-29 15:46:34,"Okay, I absolutely love this Google Sunnyvale Campus Zip Hoodie! It's so comfortable and the material is really nice quality. I wasn't expecting it to be this soft! The fit is perfect, true to size. I wear it all the time now, whether I'm lounging around the house or running errands. It's also a great conversation starter – people always ask me about it. Definitely worth the purchase if you're a Google fan or just looking for a cozy and stylish hoodie.",Threads,@ThreadsUser_1103_362,30227,5
67,1067,5003,2025-04-13 22:52:15,"My little one looks absolutely adorable in this Google Toddler FC Tee! The charcoal color is really nice and the fabric is super soft – perfect for sensitive toddler skin. It's held up great after a few washes, too, no fading or shrinking. I love that it's a simple design but still shows off my love for Google. Definitely a win and worth the purchase. My toddler loves pointing at the logo too!",Threads,@ThreadsUser_1067_642,42853,3
145,1145,5003,2024-11-01 09:53:57,"This Google Split Seam Tee in Olive is seriously comfortable! The fabric is soft and feels really nice against my skin. I wasn't sure about the split seam at first, but it actually gives the shirt a cool, slightly edgy look without being too over the top. The olive color is perfect too, it's a great neutral that goes with everything. I've washed it a few times now and it still looks great, no shrinking or fading. Definitely recommend!",Twitter,@TwitterUser_1145_991,33558,2
179,1179,5003,2025-03-05 02:02:41,"My son absolutely loves this Youth Jumbo Print Tee! The white is a really clean, crisp white, and the material is super soft. He's usually picky about his clothes being itchy, but he wore this all day without complaining. The jumbo print is vibrant and hasn't faded after a couple of washes. It's also held its shape really well, which is a huge plus with a constantly-growing kid. Great quality for the price, definitely recommend!",Twitter,@TwitterUser_1179_766,47631,5
146,1146,5003,2025-02-16 08:17:25,"A few days ago, I received the Google hoodie I purchased from the Google Merchandise Store. The design itself was clean and I liked it, but honestly, there were parts that didn't meet my expectations. First, the fabric quality was not as good as I thought. After a few washes, pilling has already started, and it also feels like the color has faded slightly compared to when I first received it. Considering the Google brand image, I wish a more luxurious material had been used. Also, the delivery process was not smooth. It took quite a long time from ordering to delivery, and the delivery tracking information was not updated accurately, which was inconvenient. Considering the price of the Google hoodie, I think delivery service improvement is needed. The product itself is okay, but if a little more attention is paid to quality and delivery, a more satisfactory purchase experience can be provided.",X,@XUser_1146_308,29860,3
83,1083,5003,2025-04-11 03:42:25,"Okay, I absolutely love this zip hoodie! It's so comfortable and the material is really soft. The fit is perfect, not too baggy and not too tight. I get compliments on it all the time, especially from people who've visited or worked at Google. It's a subtle way to show my appreciation for the company and tech in general without being overly branded. Plus, it's just a great everyday hoodie for lounging around or running errands. Definitely worth the purchase!",X,@XUser_1083_753,42868,1
177,1177,5003,2025-02-14 08:03:23,"This Google crewneck is fantastic! The navy color is a really nice, deep shade and the material is so soft and comfortable. I've worn it a bunch already and it washes really well without shrinking or fading. The Google logo is subtle but still recognizable, which I appreciate. Definitely a step up from your average sweatshirt and worth the price!",X,@XUser_1177_662,29671,5
117,1117,5003,2024-11-16 01:35:25,"I absolutely love my Flamingo and Friends 2019 Tee! It's so comfy and the design is just adorable. I get compliments on it every time I wear it. The colors are vibrant and haven't faded at all even after a few washes. The fit is perfect, true to size, and it's made of really soft material. Definitely one of my favorite t-shirts! I'm so glad I bought it.",YouTube,@YouTubeUser_1117_834,33078,5
112,1112,5004,2025-05-28 11:47:03,"I absolutely love this Google Austin Campus tee! The fabric is so soft and comfortable, it's perfect for wearing around the house or even out and about. The design is subtle but still shows off my appreciation for Google's innovative spirit. I've gotten a few compliments on it already, and it's quickly become one of my favorite t-shirts. Great quality and a cool, understated way to represent a cool company!",Blog,@BlogUser_1112_471,44830,4
163,1163,5004,2025-06-10 22:42:51,"Okay, I'm absolutely loving this Google Austin Campus Zip Hoodie! The material is super soft and comfortable, perfect for wearing around the house or out running errands. The fit is just right, not too baggy and not too tight. I really appreciate the quality of the zipper and the overall construction; it feels like it will last a long time. Plus, the subtle Google Austin design is cool without being overly flashy. Definitely a great purchase for any Google fan!",Blog,@BlogUser_1163_718,22236,5
1,1001,5004,2025-05-02 14:41:15,"Okay, I absolutely love this Google SF Campus Zip Hoodie! It's so comfy and soft inside, perfect for lounging around the house or even wearing out and about. The material feels really high quality, not cheap at all. I especially like the subtle Google logo – it's recognizable but not too flashy. Definitely worth the money and I get compliments on it all the time! Highly recommend if you're a Google fan or just looking for a really nice, comfortable hoodie.",Facebook,@FacebookUser_1001_391,40979,5
4,1004,5004,2025-03-02 11:56:54,"This Google microfleece jacket is exactly what I was hoping for! It's super soft and comfortable, perfect for chilly mornings or evenings. The black color is classic and goes with everything. I also appreciate the subtle Google branding - it's not too flashy. The fit is great, true to size, and the pockets are a decent size. Definitely a good purchase and I wear it all the time!",Facebook,@FacebookUser_1004_320,49510,4
136,1136,5004,2025-04-26 10:24:17,"Okay, I'm obsessed with this Google Gray French Terry Zip Hoodie! It's seriously the perfect weight for layering. Not too heavy, not too thin. The French Terry is super soft and comfortable, and the gray color is a really nice neutral that goes with everything. I love that it has a zipper, makes it easy to throw on or take off. Definitely my new go-to for running errands or just lounging around the house. I'm thinking about getting another one!",Facebook,@FacebookUser_1136_931,41673,1
155,1155,5004,2025-05-13 00:50:54,"I absolutely love this Google LA Campus Ladies Tee! The fabric is so soft and comfortable, perfect for wearing around the house or out running errands. The fit is flattering without being too tight, and the design is simple but stylish. It's a great way to show off my love for Google and the LA vibe. I've already washed it a few times and it still looks brand new. Definitely recommend getting one if you're a Google fan!",Facebook,@FacebookUser_1155_665,46127,5
142,1142,5004,2025-03-20 18:49:54,"Okay, I'm absolutely loving this Google Sherpa Zip Hoodie! The charcoal color is really sharp and goes with everything. It's incredibly soft and warm – perfect for chilly evenings or just lounging around the house. The sherpa lining is so cozy, and the zip is really sturdy. I was worried about the sizing, but it fits true to size. Definitely worth the money, and I'm already thinking about getting another one!",Facebook,@FacebookUser_1142_708,25617,5
77,1077,5004,2025-02-28 23:36:43,"Google Mug, makes every morning special. As someone who usually prefers simple designs, the Google mug was a product I loved at first sight. The subtly engraved Google logo on a clean white background is stylish yet not over-the-top, possessing a timeless charm. Above all, the grip of the mug is really good. The feeling of it fitting snugly in my hand is stable, and thanks to the ample capacity, I'm satisfied that I can fully enjoy warm coffee or tea. Also, thanks to the sturdy material, I like that it stays clean without a single scratch even with daily use. The delivery arrived safely without any damage worries due to meticulous packaging. Thanks to this Google mug, my time drinking coffee every morning has become more enjoyable. I think it's not just a simple mug, but a product that adds small happiness to daily life. I strongly recommend it to those who are considering it!",Facebook,@FacebookUser_1077_292,33216,1
183,1183,5004,2024-11-02 13:50:51,"This Android Pocket Tee is fantastic! The navy color is really rich and hasn't faded after a couple of washes. The fabric is super soft and comfortable, perfect for everyday wear. I also appreciate the pocket – it's actually useful for holding my phone or keys. The fit is true to size, which is always a relief when ordering online. Definitely recommend this tee if you're looking for a simple, well-made shirt.",Instagram,@InstagramUser_1183_314,30835,2
37,1037,5004,2025-01-03 07:44:27,"It's already been a month since I bought and started using the Google mug. I liked the clean design, so I'm using it for work. It definitely gives a stylish feel when placed on my desk, and the capacity is ample, making it perfect for drinking coffee or tea. I especially like that the Google logo is simply embedded. However, there are also some downsides. It seems that slight scratches easily form on the mug surface, so I'm using it carefully. Also, I think the price is a bit expensive. The design and practicality are satisfactory, but I think it's necessary to consider the price aspect a bit more. Overall, it's satisfactory, but if durability and price aspects are improved, I think it will become a Google mug that more people can use with satisfaction.",Instagram,@InstagramUser_1037_283,27276,4
191,1191,5004,2024-12-02 19:36:32,"Google Logo T-shirt, I'm really satisfied! I usually like Google, so I often purchase clothes from the Google Merchandise Store. The Google logo T-shirt I bought this time is really satisfactory because its quality is outstanding, beyond my expectations. First, the design is clean and stylish, so it goes well with any clothes. I especially like that the Google logo serves as a point without being over-the-top. The material is also soft and comfortable to wear, so I don't feel any discomfort even if I wear it all day. It was good that there was almost no deformation after washing and the color remained the same. The delivery was very fast, and the packaging was meticulous, so I felt good from the moment I received it. I think I'll continue to use the Google logo T-shirt regularly. I want to highly recommend it to people around me too.",Naver Cafe,@NaverCafeUser_1191_988,25248,4
152,1152,5004,2025-03-22 07:30:00,"I absolutely love this Google Austin Campus Zip Hoodie! It's so comfortable and the material is really soft. The fit is perfect, not too baggy and not too tight. I get compliments on it all the time, even from people who aren't into tech! It's a great way to show some Austin pride and represent Google without being too flashy. Highly recommend if you're looking for a comfy and stylish zip-up.",Twitter,@TwitterUser_1152_936,22236,4
63,1063,5004,2025-03-23 23:38:15,"This Google Grey Tee is surprisingly awesome! I wasn't expecting much, just a basic t-shirt, but the fabric is super soft and comfortable. It's a nice, relaxed fit, not too tight or baggy. The grey is a perfect neutral that goes with everything. I've already washed it a few times and it still looks brand new. Seriously, a great value for the price and a perfect everyday tee. I'll probably buy another one!",Twitter,@TwitterUser_1063_854,32141,3
187,1187,5004,2025-02-13 09:18:10,"Just got my Google Black Cloud Tee and I love it! The fabric is super soft and comfortable, definitely a step up from some other tech company merch I own. The design is simple but stylish, and the black color goes with everything. It's a great way to subtly show my appreciation for Google without being too loud. I've already gotten compliments on it! Highly recommend picking one up if you're a Google fan.",X,@XUser_1187_525,20571,4
87,1087,5004,2025-01-16 08:59:32,"My little one absolutely loves this Google Toddler FC Zip Hoodie! It's super soft and comfy, which is a big win because my toddler is usually picky about clothes. The zip is easy for him to manage himself, and the design is adorable. It's held up great in the wash too, no fading or shrinking. Definitely a worthwhile purchase to keep my little techie warm and stylish!",YouTube,@YouTubeUser_1087_439,38352,3
158,1158,5004,2024-11-18 15:45:53,"I absolutely LOVE my Flamingo and Friends 2019 Tee! It's so cute and cheerful. The design is even better in person, the colors are vibrant, and the flamingoes are just adorable. The shirt itself is really soft and comfortable, and the fit is perfect. I've already gotten so many compliments on it whenever I wear it. It's definitely my new favorite tee!",YouTube,@YouTubeUser_1158_166,21998,5
161,1161,5004,2025-05-09 19:15:37,"I absolutely love my Google Campus Women's Tee! The fit is perfect, not too tight and not too baggy. The material is super soft and comfortable, which is important because I basically live in t-shirts. The Google logo is subtle but still shows my love for the company. I've washed it a few times now and it still looks brand new. Great quality and definitely worth the purchase!",YouTube,@YouTubeUser_1161_235,41488,4
43,1043,5004,2025-05-19 06:24:16,"This Google SF Campus tee is awesome! The material is super soft and comfy, not scratchy at all like some other branded tees I've bought before. The design is simple and classic, perfect for wearing around town or just lounging at home. I've already washed it a few times and it still looks great, no fading or shrinking. Definitely a great way to show some Google pride without being too flashy. Would definitely recommend!",YouTube,@YouTubeUser_1043_541,48723,3
70,1070,5004,2025-06-10 14:38:55,"Okay, I absolutely love this Google Badge Heavyweight Pullover! The black color is classic, and the material is seriously thick and cozy. It feels really well-made, like it'll last for years. I especially appreciate the subtle Google badge; it's not too flashy, but still shows off my Google pride. It's perfect for chilly evenings or just lounging around. Definitely worth the price!",YouTube,@YouTubeUser_1070_802,29573,5
176,1176,5005,2025-04-08 15:14:46,"My daughter absolutely loves her Google Beekeepers tee! It's such a cute design and the pink is a really vibrant, cheerful color. The cotton is super soft, which is important for toddler skin, and it seems to hold up well after washing. I appreciate that the graphic hasn't faded or cracked after multiple washes. It's a little pricey for a t-shirt, but the quality definitely seems worth it. She gets compliments on it all the time!",Blog,@BlogUser_1176_942,26285,3
200,1200,5005,2025-03-14 16:02:59,"This little green Android ornament is just adorable! I bought it to hang on my Christmas tree, and it looks fantastic. The color is vibrant, and the detail is surprisingly good for its size. It's lightweight, so it doesn't weigh down the branch. I'm a big Android fan, so this was the perfect little addition to my holiday decorations. Definitely recommend it to any tech lovers looking for something unique and festive.",Blog,@BlogUser_1200_913,28995,3
8,1008,5005,2025-03-17 20:32:07,I absolutely love my Google Color Block notebook! The paper is such a nice quality – really smooth to write on with no bleed-through from my pens. The color-blocked cover is super stylish and makes it easy to find in my bag. It's the perfect size for taking notes in meetings or just jotting down ideas on the go. Definitely my new favorite notebook!,Blog,@BlogUser_1008_455,35921,3
39,1039,5005,2024-11-02 05:52:26,"I absolutely love my Google Yellow YoYo! It's such a fun little thing to have around. The bright yellow color is cheerful, and the weight is perfect for learning new tricks. I'm a total beginner, but I've already managed to get the hang of a few basic moves thanks to how smooth it spins. It feels really well-made and durable, too. Definitely worth the price for a bit of nostalgic fun and a great way to keep my hands busy!",Blog,@BlogUser_1039_720,29763,4
34,1034,5005,2025-05-31 11:09:42,"I absolutely love this Google Charcoal Unisex Badge Tee! The charcoal color is really nice and versatile, it goes with everything. The fabric is soft and comfortable to wear, definitely not scratchy like some other t-shirts. The Google badge is subtle but still adds a cool, understated tech vibe. It's also held up really well after a few washes - no fading or shrinking. Great quality for the price, I'd definitely recommend it!",Facebook,@FacebookUser_1034_897,24803,4
127,1127,5005,2025-02-15 16:37:23,"This journal is exactly what I needed! I've been trying to get serious about my YouTube channel, and the ""YouTube Transmission Journal Red"" has been a lifesaver. It's got sections for everything: video ideas, shooting schedules, keywords, even monetization tracking. The layout is super intuitive and the red cover is really vibrant. It's helped me stay organized and motivated, which is half the battle. Definitely recommend for any YouTuber, big or small!",Instagram,@InstagramUser_1127_405,28815,1
59,1059,5005,2025-04-13 03:52:51,"I absolutely love this Google Women's Grid Zip-Up! It's so comfy and the grid pattern is subtle but really stylish. I've worn it to the gym, on walks, and even just lounging around the house. The quality is great - it feels really well-made and durable. The fit is perfect too, not too tight and not too baggy. Definitely recommend it if you're looking for a versatile and comfortable zip-up jacket!",Instagram,@InstagramUser_1059_736,45917,2
139,1139,5005,2025-05-03 15:24:43,"I absolutely love this softshell jacket! The ""Moss"" color is gorgeous and surprisingly versatile – it goes with everything. It's incredibly comfortable and lightweight, perfect for those slightly chilly days when you don't need a heavy coat. I appreciate the quality material and the fit is just right. It's also surprisingly water-resistant, which is a huge plus. Definitely recommend this jacket if you're looking for something stylish and practical!",Instagram,@InstagramUser_1139_945,21241,3
181,1181,5005,2025-02-17 02:06:54,"Okay, I am absolutely loving this Google Women's Puff Jacket! I was a little hesitant ordering online without trying it on, but the fit is perfect. It's so warm and cozy without being bulky, which is exactly what I wanted. The black color is classic and goes with everything. I've worn it in light rain and it held up great. Really happy with the quality and would definitely recommend it to anyone looking for a stylish and functional winter jacket!",Instagram,@InstagramUser_1181_943,46361,3
38,1038,5005,2025-05-19 02:00:45,"My little guy absolutely loves his Stan and Friends 2019 Toddler Tee! The colors are so vibrant and haven't faded at all after multiple washes. The fabric is super soft, which is a huge plus because he's got sensitive skin. He loves pointing out Stan and all his friends on the shirt, and it's become one of his favorites. Definitely recommend this tee for any toddler who loves a fun, comfortable shirt!",Threads,@ThreadsUser_1038_633,46590,4
123,1123,5005,2025-01-28 07:33:38,"The Google Beige Bear Baby Blanket is absolutely adorable! It's so incredibly soft, perfect for my newborn's sensitive skin. The color is a lovely, neutral beige that goes with everything in the nursery. It's also surprisingly durable - I've already washed it a few times and it still looks brand new. My baby loves snuggling with it, and honestly, so do I! Definitely a great buy and would make a wonderful gift.",X,@XUser_1123_288,38494,3
51,1051,5005,2025-05-18 04:46:55,"I absolutely love this little pin! As a Google enthusiast who's always dreamed of visiting the Boulder campus, this is the perfect little memento. The quality is fantastic - the colors are vibrantand the detailing is surprisingly intricate for such a small piece. It's a subtle but cool way to show my appreciation for the company and it always sparks interesting conversations. Definitely worth the purchase!",X,@XUser_1051_892,41064,1
48,1048,5005,2025-02-06 22:38:49,"I absolutely love my Android Garden 2019 Tee! The design is so unique and eye-catching, I always get compliments when I wear it. The fabric is super soft and comfortable, even after multiple washes. It fits true to size and hasn't shrunk at all. Definitely one of my favorite t-shirts and worth every penny. I'm thinking about getting another one in a different color! Highly recommend this for anyone who loves cool, well-made graphic tees.",YouTube,@YouTubeUser_1048_135,35334,4
14,1014,5005,2025-02-14 18:29:50,"This hoodie is seriously comfy! I love the simple Google Mountain View design - it's subtle enough to wear anywhere without feeling like I'm advertising too much. The material is soft and washes really well, no shrinking or fading so far. It's the perfect weight for layering, not too heavy and not too thin. Definitely my new go-to for casual days and chilly evenings. Great quality and worth the price!",YouTube,@YouTubeUser_1014_500,47575,2
79,1079,5005,2025-02-19 17:53:29,"I absolutely love this Google Campus Bike Eco Tee! The navy color is really nice and the fabric is so soft and comfortable. It's definitely a step up from your average t-shirt. I appreciate that it's made from eco-friendly materials too. The bike design is subtle but cool, and I've already gotten a few compliments on it. Great quality and a perfect way to show some Google pride without being too loud.",YouTube,@YouTubeUser_1079_279,23485,3
167,1167,5005,2025-01-06 15:48:54,"I absolutely love this Google Canteen Bottle! The black finish is sleek and professional, perfect for bringing to the office. It keeps my water cold all day long, even in the summer heat. I've also used it for hot tea, and it stays warm for hours. It's really durable too - I've accidentally knocked it over a few times, and it hasn't even scratched. Plus, it's a good size, not too bulky to carry around. Definitely recommend it!",YouTube,@YouTubeUser_1167_517,41804,5
82,1082,5006,2025-05-27 16:55:10,"Just got my Google Chicago Campus tee and I love it! The material is super soft and comfortable, definitely not scratchy like some other branded tees I've gotten before. The design is simple but cool, and I like that it's unisex so it fits well. I've already worn it a bunch of times and gotten compliments. It's a great way to rep the Chicago office and show my Google pride without being too flashy. Highly recommend!",Blog,@BlogUser_1082_835,49775,3
22,1022,5006,2024-11-11 21:47:43,"I absolutely love my Google Tee Blue! The color is a really nice, vibrant blue, and the fabric is so soft and comfortable. It's definitely become one of my go-to shirts for casual days. I've washed it a couple of times already and it's held up great, no fading or shrinking. The fit is perfect too, true to size. If you're a Google fan, or just looking for a comfortable and stylish blue tee, I highly recommend this one!",Blog,@BlogUser_1022_397,43696,4
126,1126,5006,2025-03-03 11:48:30,"My son absolutely loves his Google Kids Playful Tee! The design is so bright and cheerful, and he gets compliments on it everywhere we go. The fabric is really soft and washes up great, which is a huge plus with a messy kid like mine. It's held up really well to all his adventures in the park and playground. Definitely a great buy and worth the price for a good quality, fun t-shirt!",Facebook,@FacebookUser_1126_420,33241,3
61,1061,5006,2025-05-01 08:55:49,"Okay, I'm really happy with this Google Navy French Terry Zip Hoodie! It's super comfortable, the French Terry fabric is soft and breathable, not too heavy or too light. The navy color is really nice and classic. The zipper feels sturdy and the overall quality seems great. I've worn it a bunch already and it's quickly become my go-to hoodie for running errands or just relaxing at home. Definitely recommend it!",Facebook,@FacebookUser_1061_962,42024,3
162,1162,5006,2025-02-24 17:50:37,"This shirt is awesome! I'm a huge traveler and love anything that subtly nods to my passion. The Google Maps pin design is instantly recognizable but also super clean and minimalist. The material is really soft and comfortable, and it fits perfectly. I've gotten so many compliments on it already from people who appreciate the design. Definitely recommend this tee if you're a geography nerd or just love exploring!",Facebook,@FacebookUser_1162_405,35892,3
68,1068,5006,2025-03-09 06:12:44,"I was a little hesitant to try the Google Incognito Zippack V2, but I'm so glad I did! It's seriously a game-changer for keeping my personal stuff separate. The different compartments are perfect for organizing everything from my phone to my keys, and I love the discreet design. It's comfy to wear and feels really secure. I feel so much more confident knowing my valuables are safe and sound. Definitely recommend this to anyone who wants a little extra peace of mind!",Facebook,@FacebookUser_1068_499,43300,4
46,1046,5006,2025-05-16 09:07:32,"This Android Pocket Tee in Green is fantastic! The color is even better in person, a really nice, vibrant shade of green. The fabric is super soft and comfortable, feels like it'll hold up well after washing. The pocket is a good size too, perfect for holding my earbuds or a small notepad. Overall, a great everyday t-shirt and definitely worth the price. I'm already thinking about getting another one in a different color!",Instagram,@InstagramUser_1046_646,20078,5
144,1144,5006,2025-04-26 20:03:25,"I absolutely love this Google crewneck! The grey is a really nice, versatile shade and the quality is fantastic. It's super soft and comfortable, perfect for lounging around the house or running errands. It's definitely a step up from your average sweatshirt. I've washed it a few times already and it still looks brand new. The Google logo is subtle but recognizable, which I appreciate. Highly recommend if you're looking for a comfy and stylish sweatshirt!",Instagram,@InstagramUser_1144_838,46502,5
7,1007,5006,2024-11-11 08:48:23,"I absolutely love these Google Clear Framed Gray Shades! They're so stylish and comfortable. The clear frames are a really cool, modern touch, and the gray lenses are perfect for everyday wear. They're not too dark, so everything still looks natural, but they definitely cut down on glare. Plus, they feel really well-made and sturdy. I've gotten so many compliments on them already. Definitely worth the purchase!",Naver Cafe,@NaverCafeUser_1007_121,48155,3
113,1113,5006,2025-02-17 12:34:28,"I absolutely love my Google Aluminum Bottle in red! It's such a sleek and stylish way to stay hydrated. The color is vibrant and really pops. I've been taking it to the gym and to work, and it keeps my water cold for hours. It's also super durable; I've accidentally dropped it a couple of times and haven't seen a single dent. Definitely worth the purchase!",Threads,@ThreadsUser_1113_972,33370,5
121,1121,5006,2025-02-13 19:45:52,"This little tee is absolutely adorable! The olive color is so earthy and cute on my baby. The fabric is incredibly soft, like seriously, I wish they made one in my size! It's held up really well through multiple washes too, no fading or shrinking. My baby looks like a little outdoorsy explorer in it, and I always get compliments when he wears it. Definitely recommend this shirt, it's a great basic and super comfortable for little ones.",Threads,@ThreadsUser_1121_736,29082,1
45,1045,5006,2025-05-27 13:38:20,"I absolutely love my Google Chicago Campus tee! The material is super soft and comfortable, perfect for wearing around the house or out and about. The design is simple but cool, and it's a great way to show off my love for Google and Chicago. I've already gotten a bunch of compliments on it. Definitely recommend this shirt if you're a fan of Google or just looking for a comfy, stylish tee!",Twitter,@TwitterUser_1045_990,49775,5
65,1065,5006,2025-02-10 08:43:16,I absolutely love this Google Seattle Campus Lapel Pin! It's such a cool little memento of my visit there. The quality is fantastic - it feels really sturdy and the colors are vibrant. I've gotten so many compliments on it already. It's a subtle way to show my appreciation for Google and the innovative spirit of Seattle. Definitely a great purchase for any Google enthusiast or someone who just loves the city!,Twitter,@TwitterUser_1065_302,27197,4
108,1108,5006,2025-05-20 08:26:05,"Okay, this Android Pocket Onesie is seriously the best! I was looking for something comfy to wear around the house and this is perfect. The navy color is really nice and the material is so soft. But the best part is definitely the pocket! It fits my phone perfectly, so I don't have to worry about losing it while I'm lounging. It washes well too, no shrinking or fading. Definitely recommend if you want ultimate comfort and practicality!",Twitter,@TwitterUser_1108_886,31798,3
11,1011,5006,2025-06-02 11:40:20,"Okay, this Google Yellow YoYo is surprisingly fun! I bought it on a whim, thinking it would be a cute desk toy, but it's actually a really well-made yoyo. The weight is perfect, it sleeps nicely, and the bright yellow color is just cheerful. It's been a great way to take little breaks during the day and de-stress. Definitely worth the price if you're looking for a fun, functional, and eye-catching yoyo!",X,@XUser_1011_414,29763,3
128,1128,5006,2025-06-20 05:43:48,"This hoodie is seriously comfy! The Sherpa lining is so soft and warm, it's perfect for chilly evenings or just lounging around the house. The navy color is a nice, classic look and the Google logo is subtle but still cool. I've gotten a ton of compliments on it already. The zipper is sturdy and the pockets are nice and deep. Definitely worth the price, I'm thinking about getting another one in a different color!",X,@XUser_1128_889,36326,3
74,1074,5006,2024-12-05 07:12:31,"My son absolutely loves this Google hoodie! The fabric is so soft and comfortable, he wears it all the time. It's held up really well after several washes, too. The color is vibrant and the Google logo is nicely done – not too flashy. He's gotten tons of compliments on it, and it's become his go-to hoodie for school and just hanging out. Definitely a great purchase and worth the money!",X,@XUser_1074_491,20722,1
130,1130,5006,2024-12-29 22:14:57,"It's been about a month since I purchased and started using the Pixel phone case. The design was clean and matched well with the Pixel phone, which was satisfactory. However, there were a few disappointing points while using it. First, the case material is more slippery than I thought, so I sometimes feel uneasy when holding the phone. This is especially true since I tend to have sweaty hands. It would have been better if the anti-slip treatment was more effective. Also, the corners of the case tend to wear out easily. I don't use my phone roughly, but a few scratches have already appeared. I wish the durability was a bit more enhanced. The delivery was relatively fast, but the packaging condition was a bit disappointing. There was insufficient cushioning material, so the case had slight scratches. I think this point needs improvement. Overall, the design is satisfactory, but it would be an even more excellent Pixel phone case if supplementation in material and durability were made.",X,@XUser_1130_767,24773,4
107,1107,5006,2025-03-22 00:56:47,"This Google F/C Longsleeve in Charcoal is exactly what I was hoping for. The material is super soft and comfortable, definitely not scratchy or cheap feeling. The fit is perfect – not too tight, not too baggy. I love the simple design, it's understated but still lets you show off your Google pride. I've already washed it a couple of times and it's held up great. Would definitely recommend to anyone looking for a comfy and stylish long-sleeve shirt!",YouTube,@YouTubeUser_1107_493,27031,2
23,1023,5006,2025-01-01 07:05:01,"I absolutely love the Nest Secure! Setup was surprisingly easy, even for someone like me who's not super techy. The Detect sensors are sleek and blend right into my decor. The app is intuitive and I feel so much safer knowing I can monitor my home from anywhere. The arming and disarming process is simple for the whole family. Definitely worth the investment for peace of mind.",YouTube,@YouTubeUser_1023_852,32316,5
47,1047,5007,2024-11-14 21:57:14,"I absolutely love this Google Recycled Notebook Set! The paper has a really nice, slightly textured feel to it that makes writing so much more enjoyable. I'm also a big fan of the minimalist design and the natural color. It's great knowing that it's made from recycled materials too, so I feel good about using it. It's perfect for taking notes at work or just jotting down ideas. Highly recommend!",Blog,@BlogUser_1047_827,39593,4
58,1058,5007,2025-02-06 22:23:40,"This little Google Felt Strap Keyring is surprisingly great! I wasn't expecting much for the price, but it's really well-made and the felt is actually quite thick and durable. It's a nice, subtle way to show off my Google pride without being too flashy. The keyring itself is sturdy and seems like it'll hold up well. Plus, it's just a nice, soft texture to have in my pocket. Definitely worth the buy!",Blog,@BlogUser_1058_681,41453,4
88,1088,5007,2025-01-28 12:14:01,"My son absolutely loves this Android Pocket Tee! The green color is really vibrant and looks great on him. The material is super soft and comfortable, which is a huge plus because he's pretty picky about what he wears. It's held up really well after several washes, too, no shrinking or fading. The pocket is a cute little detail. Overall, a fantastic t-shirt and definitely worth the purchase!",Facebook,@FacebookUser_1088_289,26772,2
178,1178,5007,2025-05-15 09:44:51,"This Google F/C Longsleeve in Charcoal is seriously comfortable! The material is really soft and feels great against my skin. I've worn it for working from home, running errands, and even a casual hangout. It's held up really well after a few washes, no shrinking or fading. The charcoal color is also really versatile and goes with everything. Definitely a great addition to my wardrobe for a comfy and stylish look.",Facebook,@FacebookUser_1178_253,36533,3
192,1192,5007,2025-06-20 16:21:22,"This sticker is awesome! I'm a huge Google fan and love the Kirkland campus, so this was a must-have. The quality is great – it feels really durable and the colors are vibrant. I put it on my laptop and it looks fantastic. It's a subtle way to show my appreciation for Google's innovation and the beautiful PNW vibes of Kirkland. Definitely recommend if you're a Google enthusiast or just love a cool, well-made sticker!",Facebook,@FacebookUser_1192_880,34438,4
81,1081,5007,2025-02-26 09:09:09,"Just got my YouTube Icon Tee in charcoal and I love it! The material is super soft and comfortable, feels really high quality. The fit is perfect, not too tight and not too baggy. I've already gotten a few compliments on it. It's a subtle way to show my love for YouTube without being too flashy. Definitely recommend this tee if you're looking for a comfortable and stylish casual shirt!",Instagram,@InstagramUser_1081_921,46020,2
134,1134,5007,2025-02-22 03:39:15,"I love this Google Lapel Pin! It's exactly what I was looking for. The colors are bright and vibrant, and the pin itself feels really well-made. I wear it on my backpack and it's a fun, subtle way to show my appreciation for Google's products. It's also a great conversation starter – I've had several people ask me where I got it. Definitely recommend it to any Google enthusiast!",Naver Cafe,@NaverCafeUser_1134_843,23743,4
122,1122,5007,2025-06-28 00:24:32,"Just got my Google Trike Tee in black and I love it! The fabric is super soft and comfortable, not scratchy at all. The trike design is subtle but still cool, and the black color makes it really versatile - I can wear it with jeans or dress it up a bit with a blazer. The fit is also perfect, true to size. Definitely a new favorite in my wardrobe!",Threads,@ThreadsUser_1122_285,41499,5
159,1159,5007,2025-06-10 05:03:48,"I absolutely love this Google Maps Pin Tee! It's such a clever and subtle design, and I get compliments on it all the time. The shirt itself is really comfortable - the fabric is soft and it fits perfectly. Plus, it's a great conversation starter! People always ask me where I got it, and I'm happy to tell them. Definitely recommend this for anyone who loves to travel or just appreciates a unique and well-made t-shirt.",Twitter,@TwitterUser_1159_203,25854,4
2,1002,5007,2025-05-17 09:49:03,"I absolutely love my Google Cambridge Campus tee! The fabric is so soft and comfortable, perfect for wearing around the house or out and about. The design is subtle but still lets you show off your love for Google. I've washed it a few times now and it still looks great, no shrinking or fading. Definitely a great purchase and a fun little souvenir to remember my trip to Cambridge by!",Twitter,@TwitterUser_1002_618,33620,3
53,1053,5007,2025-02-02 01:58:57,"My daughter absolutely loves this Google Beekeepers tee! The pink is such a pretty shade, and the design is adorable. It's also surprisingly soft, even after a few washes. She wears it all the time, whether she's playing outside or just lounging around the house. The sizing was perfect too. Definitely a great purchase and a unique shirt that stands out!",X,@XUser_1053_141,34663,3
124,1124,5007,2025-05-07 16:25:28,"I absolutely love this Google raglan! The red color is so vibrant and cheerful, and the 3/4 sleeves are perfect for that in-between weather. It's super comfortable to wear, the material is soft and breathable, and the fit is just right – not too tight, not too baggy. I've gotten so many compliments on it already. It's become my go-to casual shirt for running errands or just hanging out. Definitely recommend it!",YouTube,@YouTubeUser_1124_268,21936,5
156,1156,5007,2025-05-16 18:22:41,"My son loves his Google Youth FC Longsleeve! The charcoal color is really sharp, and the material is so soft and comfortable – perfect for soccer practice on chilly mornings. He says it keeps him warm without being too bulky, which is exactly what we wanted. The fit is great too, true to size. It's held up really well after several washes already, no fading or shrinking. Definitely a great purchase for any young Google FC fan!",YouTube,@YouTubeUser_1156_246,41677,1
31,1031,5008,2025-04-10 01:33:13,"My little one looks absolutely adorable in this Google Toddler Tee! The white is crisp and clean, and the material is so soft – perfect for sensitive skin. It's held up really well through multiple washes already, and the Google logo is printed nicely, not some cheap iron-on that'll peel off. Sizing was accurate too. Definitely a cute and comfortable everyday shirt. I'm thinking of getting another one!",Blog,@BlogUser_1031_149,38998,4
115,1115,5008,2025-04-27 08:44:56,"This Google LA Campus Tee is seriously comfortable! The fabric is really soft and feels great even after washing it a few times. I love the design, it's simple but still shows off my connection to Google. The fit is perfect too, not too tight and not too baggy. It's become my go-to shirt for casual Fridays at work and just hanging out on the weekends. Definitely recommend if you're a Google fan or just looking for a well-made, comfy tee!",Blog,@BlogUser_1115_468,39019,5
164,1164,5008,2025-06-13 04:37:33,"Okay, I am absolutely loving this Google Los Angeles Campus Patch Set! As a huge tech enthusiast (and a bit of a Google fan!), these patches are a fun and subtle way to show off my interests. The quality is fantastic - the stitching is really well done and they feel durable. I've already ironed one onto my backpack and it looks great. They're also a nice conversation starter! Definitely recommend for anyone who appreciates cool, well-made patches and has a connection to the Google brand.",Facebook,@FacebookUser_1164_472,38881,5
57,1057,5008,2025-06-10 11:57:55,"My little guy absolutely loves his Google Toddler Hero Tee! The charcoal black color is really cool and hides stains well (a huge win for toddler clothes!). The fabric is super soft and comfy, he doesn't complain about wearing it at all. It's also held up really well in the wash, no shrinking or fading. The design is simple and cute, and he gets compliments on it all the time. Definitely recommend this tee for any tech-loving family!",Facebook,@FacebookUser_1057_766,38500,5
26,1026,5008,2025-06-05 09:39:06,"I absolutely love my Google Black Cloud Polo! The fabric is incredibly soft and breathable, perfect for wearing all day. The fit is spot-on – not too tight, not too baggy, just right. I’ve worn it to work, out running errands, and even on a casual date night. It looks great with everything and the little Google Cloud logo is a nice, subtle touch. Definitely a worthwhile purchase and I’m already considering buying another one!",Threads,@ThreadsUser_1026_746,47159,5
129,1129,5008,2025-02-22 23:43:54,"Okay, I'm obsessed with this Super G French Terry Sweatshirt! It's seriously the softest thing I own. I love how comfy it is without feeling bulky. The fit is perfect – not too tight, not too baggy, just right for lounging around or running errands. I've already washed it a few times and it still looks brand new. I'm definitely going to buy another one in a different color! Highly recommend.",Threads,@ThreadsUser_1129_105,24395,3
102,1102,5008,2025-03-06 05:34:35,"My little one absolutely loves these Google Blue Kids Sunglasses! They fit perfectly on his face (he's 5) and stay put, even when he's running around like a crazy person. I feel so much better knowing his eyes are protected from the sun. The blue color is super cute and he thinks he's so cool wearing them. They seem really durable too, which is a huge plus considering how rough kids can be on things. Definitely recommend!",Threads,@ThreadsUser_1102_116,42688,4
17,1017,5008,2025-03-06 15:05:33,"I absolutely love my Google Tee F/C Black! The fabric is super soft and comfortable, perfect for everyday wear. The fit is great, not too tight and not too baggy, just right. The black color is a nice, deep black that hasn't faded after washing. It's simple, stylish, and subtly shows my appreciation for a company I use daily. Definitely worth the purchase!",Twitter,@TwitterUser_1017_707,38166,2
166,1166,5008,2025-04-20 08:09:24,"This Google Toddler Hero Tee is seriously adorable! The charcoal black color is perfect and doesn't show every little spill. My little one loves wearing it, and I love that it's soft and seems really well-made. It's held up great after several washes – no fading or shrinking. Definitely a win for a busy mom who wants something cute and practical for her kiddo. Plus, the Google logo is a fun, subtle touch!",Twitter,@TwitterUser_1166_460,46403,5
138,1138,5008,2025-01-04 20:38:03,"I absolutely love my Google Campus Bike! It's perfect for getting around the office park and running quick errands. The build quality feels really solid, and the comfortable seat makes even longer rides a breeze. I especially appreciate the integrated lights, which are super handy for those late evenings. It's definitely made getting around campus much faster and more enjoyable. Plus, it looks pretty cool!",X,@XUser_1138_554,32501,1
60,1060,5008,2025-03-28 10:21:01,"Just got my Google Beekeepers 2019 Tee in Mint and I absolutely love it! The color is even better in person - a really soft, refreshing green. The fabric is super comfortable and feels like it'll hold up well after washing. As a huge Google fan and someone who appreciates bees, this shirt is the perfect combination. It's a unique design and I've already gotten compliments on it. Highly recommend!",X,@XUser_1060_632,29311,5
118,1118,5008,2025-01-11 05:24:15,"This tee is super comfortable! The fabric is really soft and breathable, perfect for wearing around the house or running errands. I love the simple Google Kirkland Campus design – it's subtle but still shows my tech pride. The fit is also great, not too tight and not too baggy. I've washed it a few times already and it still looks brand new. Definitely recommend this tee if you're looking for a comfy and stylish way to rep Google.",YouTube,@YouTubeUser_1118_179,22648,5
55,1055,5008,2025-02-22 07:33:43,"Okay, I'm absolutely obsessed with this Android Pocket Onesie in Navy! It's seriously the comfiest thing I own. The material is so soft and cozy, perfect for lounging around the house. And the pockets? Genius! I can actually fit my phone and remote in them without feeling bulky. Plus, the navy color is really nice and doesn't show every little crumb. Definitely worth the purchase, I might even buy another one!",YouTube,@YouTubeUser_1055_194,22933,3
5,1005,5008,2025-05-16 16:54:16,"This Google Boulder Campus tee is awesome! The fabric is super soft and comfortable, not scratchy at all. I really like the simple design; it's understated but still shows off my Google pride. The fit is perfect too, true to size. I've already washed it a few times and it still looks brand new. Definitely a great purchase and something I'll be wearing all the time!",YouTube,@YouTubeUser_1005_694,20395,3
95,1095,5008,2025-02-11 03:31:33,"I'm seriously loving this Android Iconic Notebook! As a developer, I'm always jotting down ideas, code snippets, and brainstorming. This notebook is the perfect size to carry around, and the paper quality is fantastic - my pens don't bleed through at all. Plus, the subtle Android logo is a nice touch without being overly flashy. It's just a really well-made, practical notebook that's perfect for anyone in the tech world. Highly recommend!",YouTube,@YouTubeUser_1095_721,33981,5
198,1198,5009,2025-05-16 03:45:39,"This little Android ornament is adorable! I got the green one and it's the perfect pop of color on my desk at work. It's well-made, feels sturdy, and the paint job is really clean. I'm a huge Android fan, so this was a must-have for me. Definitely a fun and quirky little addition to my collection. Thinking about getting the other colors now!",Blog,@BlogUser_1198_916,28995,5
135,1135,5009,2025-05-15 19:07:07,"This Google Tech Fleece Vest is awesome! The charcoal color is really sharp and goes with everything. It's super lightweight but surprisingly warm, perfect for layering on chilly mornings or evenings. I love the fit too - it's athletic without being too tight. Definitely a step up from my old fleece vest. The Google logo is subtle and stylish. I'm really happy with this purchase!",Facebook,@FacebookUser_1135_920,21184,4
13,1013,5009,2025-06-28 17:36:04,"I absolutely love my Google Soft Modal Scarf! It's even softer than I expected. The material feels amazing against my skin and drapes beautifully. I've been using it as a lightweight wrap on slightly chilly days, and it's perfect. The subtle Google logo is a nice touch - understated but still shows my support. Definitely a worthwhile purchase for anyone looking for a comfortable and versatile scarf.",Facebook,@FacebookUser_1013_388,44999,3
33,1033,5009,2025-05-25 17:35:52,"I absolutely love this Google PNW Campus Ladies Tee! The material is so soft and comfortable, perfect for wearing all day. The fit is great too, not too tight or too baggy. I especially appreciate the design – it's subtle and stylish, a cool way to show my connection to Google and the Pacific Northwest. I've already gotten so many compliments on it! Definitely recommend this shirt.",Facebook,@FacebookUser_1033_279,29304,3
86,1086,5009,2025-04-12 03:12:00,"This Google Cloud tee is surprisingly awesome! I wasn't expecting much, but the tri-blend fabric is incredibly soft and comfortable. It's become my go-to shirt for lounging around the house or even running errands. The fit is perfect too – not too tight, not too baggy. Plus, it's a subtle way to show my love for Google Cloud without being overly flashy. Definitely recommend picking one up!",Instagram,@InstagramUser_1086_608,41734,3
106,1106,5009,2025-01-22 08:44:14,"This hoodie is seriously comfy! I love the fit – it's relaxed but not too baggy. The French terry is so soft and perfect for layering. The navy color is classic and goes with everything. I've worn it working from home, running errands, and even to the gym. Definitely a new staple in my wardrobe. Plus, the subtle Google logo is a nice touch. Great quality overall!",Naver Cafe,@NaverCafeUser_1106_133,47434,4
50,1050,5009,2025-04-17 16:24:17,I absolutely love this hoodie! The charcoal color is really versatile and goes with everything. But the best part is the sherpa lining - it's SO warm and cozy. Perfect for chilly evenings or just lounging around the house. The zip is sturdy and the overall quality feels really high-end. Definitely worth the money and my new go-to hoodie!,Naver Cafe,@NaverCafeUser_1050_446,44350,4
143,1143,5009,2024-11-11 06:15:51,"I absolutely love the Google Light Pen in Green! I was a little skeptical at first, but it's become my go-to for annotating documents and taking quick notes on my tablet. The green color is so vibrant and easy to see, even on bright screens. The responsiveness is fantastic, and it feels really comfortable to hold. Plus, the battery life is surprisingly long. Highly recommend if you're looking for a reliable and stylish stylus!",Naver Cafe,@NaverCafeUser_1143_699,41129,3
193,1193,5009,2025-01-14 11:01:55,"This little Google PNW Campus lapel pin is awesome! It's surprisingly well-made, feels sturdy, and the colors are vibrant. I love that it's a subtle way to show off my pride for working at Google's Pacific Northwest campus. It's a great conversation starter too! I've already gotten a few compliments on it. Perfect for any Googler or anyone who appreciates the PNW vibe. Definitely worth the purchase!",Naver Cafe,@NaverCafeUser_1193_531,37305,4
160,1160,5009,2024-11-03 07:56:47,"This Google Cambridge Campus tee is awesome! I was looking for a simple, comfortable shirt that wasn't too flashy, and this is perfect. The material is really soft and feels great against my skin. The fit is just right too – not too tight, not too baggy. I've already washed it a couple of times and it's held up really well. Definitely a great way to subtly rep Google without being over the top. I'm thinking about getting another one!",Naver Cafe,@NaverCafeUser_1160_616,44758,4
18,1018,5009,2025-01-16 04:18:51,"I absolutely love this Google Campus Bike Eco Tee! The navy color is really nice and the fabric is so soft. It's clearly made from good quality material, and I appreciate that it's eco-friendly. The bike design is subtle and cool, perfect for everyday wear. I've already gotten a few compliments on it, and it's quickly become one of my favorite t-shirts. Definitely recommend grabbing one if you're looking for a comfortable and stylish tee!",Naver Cafe,@NaverCafeUser_1018_621,24091,2
25,1025,5009,2024-11-21 17:46:38,"This Google crewneck sweatshirt is surprisingly comfy! I was expecting something a little stiff, but the material is really soft and feels great against my skin. The grey color is a nice neutral and goes with everything. I've worn it lounging around the house and also out running errands. The fit is perfect, not too baggy and not too tight. Definitely a worthwhile purchase for any Google fan or just someone looking for a good quality sweatshirt.",Naver Cafe,@NaverCafeUser_1025_374,30866,4
119,1119,5009,2024-12-24 01:41:31,"I absolutely love this Google Heather Green Speckled Tee! The color is even better in person - a really nice, subtle green that goes with everything. The fabric is super soft and comfortable, and the fit is perfect. I usually have trouble finding tees that aren't too boxy or too tight, but this one is just right. It washes well too, with no shrinking or fading. Definitely my new favorite everyday t-shirt!",Threads,@ThreadsUser_1119_793,45522,2
194,1194,5009,2025-03-23 01:57:53,"My son absolutely loves this Google Youth Hero Tee! The grey color is really nice and goes with everything. He's worn it practically every day since we got it. The material is super soft and feels really good quality – it’s definitely held up well to multiple washes. He loves the design too, says it makes him feel like a superhero! Definitely recommend this shirt for any young Google fans.",Twitter,@TwitterUser_1194_810,29972,3
29,1029,5009,2024-12-07 04:54:49,"I absolutely love this YouTube Icon Tee! The grey color is really versatile and goes with everything. The icon print is subtle but recognizable, so it's perfect for showing off my love for YouTube without being too loud. The material is super soft and comfortable, and the fit is just right. I've washed it a few times now and it's held up great. Definitely a new favorite in my wardrobe!",Twitter,@TwitterUser_1029_836,29912,5
173,1173,5009,2025-01-26 16:56:44,"Okay, I love this tee! The material is super soft and comfortable, perfect for wearing around the house or out running errands. The design is simple and classy, and I get compliments on it all the time. As a Google fan, it's a fun way to subtly show my appreciation without being too flashy. It fits true to size and has held up well after multiple washes. Definitely recommend this shirt!",Twitter,@TwitterUser_1173_595,46485,4
100,1100,5009,2024-12-27 05:01:42,"This Google microfleece jacket is exactly what I was looking for! It's super comfortable and warm, perfect for layering on chilly days or wearing on its own when the weather's just a bit cool. The black color is classic and goes with everything. I also appreciate the subtle Google branding – it's understated and professional. The fit is true to size, and the quality feels really good for the price. Definitely a great purchase!",Twitter,@TwitterUser_1100_580,24406,4
24,1024,5009,2025-05-26 10:03:36,"My son loves this Android Pocket Youth Tee! The navy color is really nice and doesn't fade after washing (we've washed it a few times already!). It's super soft, which is a big win because he's picky about fabrics. The pocket is a cute touch and he actually uses it to keep little treasures he finds. Definitely recommend this tee for any Android fan!",X,@XUser_1024_259,49613,3
197,1197,5009,2025-05-07 19:55:06,"This Google Campus hoodie is seriously comfy! I love the quality of the material; it's thick and soft without being too heavy. The zip feels sturdy and the fit is perfect - true to size. I get compliments on it all the time, and it's become my go-to for lounging around the house or running errands. Definitely worth the purchase if you're looking for a comfortable and stylish hoodie!",X,@XUser_1197_619,46030,5
32,1032,5009,2025-04-03 02:20:46,"The Google Tee Blue is surprisingly great! I ordered it on a whim, and it's quickly become one of my favorite t-shirts. The blue color is really vibrant and hasn't faded after several washes. The material is soft and comfortable, perfect for everyday wear. It's a simple design, but the Google logo is subtle and well-placed. Definitely worth the price if you're looking for a comfy and casual tee.",YouTube,@YouTubeUser_1032_700,26546,5
98,1098,5009,2025-02-09 16:09:16,"This Google Vintage Navy Tee is awesome! I was looking for a simple, comfy t-shirt and this totally fits the bill. The navy color is a nice, classic shade, and the vintage-style Google logo is subtle but cool. The material is really soft and feels like it's already been washed a hundred times (in a good way!). I've worn it a few times already and it holds up great after washing. Definitely recommend if you want a casual, everyday tee with a little bit of tech nostalgia.",YouTube,@YouTubeUser_1098_493,33925,1
184,1184,5009,2025-04-13 02:49:44,"I absolutely love my Google Campus Women's Tee! The fit is perfect, not too tight and not too baggy, just comfortably flattering. The fabric is also super soft and feels really nice against my skin. I've washed it a few times already and it's held up great, no shrinking or fading. It's a simple design, but I get compliments on it all the time. Definitely a great everyday tee for any Google enthusiast!",YouTube,@YouTubeUser_1184_315,40188,2
180,1180,5009,2025-03-21 04:41:53,"Okay, I'm absolutely loving this Google Land & Sea sweatshirt! The French Terry is so soft and comfy, it's quickly become my go-to for lounging around the house or even running errands. The fit is perfect – not too baggy, not too tight. Plus, I really appreciate the subtle Google branding; it's stylish without being overly flashy. I've washed it a few times already and it still looks and feels brand new. Definitely recommend!",YouTube,@YouTubeUser_1180_119,26387,5
131,1131,5010,2025-06-26 17:05:55,"Okay, I absolutely LOVE the Google Confetti Task Pad! It's such a fun and simple way to keep track of my to-do list. The confetti animation when you check something off is surprisingly motivating! I find myself actually *wanting* to complete tasks just to see the little burst of colorful joy. It's integrated seamlessly with my Google account, so I can access it anywhere. Honestly, it's made tackling my daily tasks much more enjoyable and less of a chore. Highly recommend for anyone who needs a little extra pep in their productivity!",Facebook,@FacebookUser_1131_877,25287,3
40,1040,5010,2025-01-16 17:40:30,"Okay, I absolutely love this YouTube Icon Pullover! It's super comfy and the black color is really sleek. The icon itself is well-printed and hasn't faded at all after a few washes. I get compliments on it all the time from other YouTube enthusiasts. It's a great way to show my support for the platform and stay warm at the same time. Seriously, if you're a YouTuber or just a big fan, you need this pullover in your life!",Instagram,@InstagramUser_1040_646,20813,1
15,1015,5010,2024-11-01 21:19:53,"Okay, I absolutely love the Google Mural Sticky Note Pad! The colors are so vibrant and really pop on my whiteboard, making brainstorming sessions way more engaging. The paper quality is fantastic, too - no bleed-through with my markers! They stick really well, even after being repositioned a few times. It's a great addition to my team's collaborative workflow and makes visualizing ideas so much easier. Definitely worth the purchase!",Naver Cafe,@NaverCafeUser_1015_159,49903,4
109,1109,5010,2025-04-05 18:16:02,"I absolutely love this Google Austin Campus Mug! It's become my go-to for morning coffee. The design is simple but stylish, and the mug itself feels really sturdy and well-made. It holds a good amount of liquid and keeps my coffee warm for a decent amount of time. Plus, as someone who appreciates Google's innovative spirit, it's just a fun little reminder of that every day. Definitely worth the purchase!",Naver Cafe,@NaverCafeUser_1109_284,37621,5
76,1076,5010,2025-04-07 21:21:26,"This Google Soft Frisbee is awesome! My kids absolutely love it. It's super soft, so I don't have to worry about anyone getting hurt when they inevitably miss a catch. The blue color is really vibrant and easy to spot in the grass. We've taken it to the park, the beach, and even just played with it in the backyard. It flies really well and is surprisingly durable for being so soft. Definitely a worthwhile purchase for some outdoor fun!",Naver Cafe,@NaverCafeUser_1076_496,45770,5
104,1104,5010,2025-06-29 04:08:18,"This is an honest review of the Google hoodie I purchased from the Google Merchandise Store. I have a lot of affection for Google products, so I bought it without hesitation, and there were some parts that were as satisfactory as expected and some disappointing parts. First, the biggest advantage of the Google hoodie is, of course, its comfortable wear. The soft cotton material makes it good for activities, and the fit is also ample, making it perfect for wearing comfortably at home. The Google logo is cleanly designed, so it's also easy to coordinate casually. However, one disappointing point is the finishing for the price. After a few washes, I found some pilling. Of course, it's not a serious level, but considering the price, it would have been better if the finishing was a bit more meticulous. Overall, the design and comfort are satisfactory, but I hope the durability aspect will be improved a bit more.",Naver Cafe,@NaverCafeUser_1104_664,45492,5
190,1190,5010,2024-12-04 15:48:43,"Okay, I absolutely love this Google Campus hoodie! It's so comfy and the quality is fantastic. The zipper feels really sturdy, and the material is thick enough to keep me warm without being bulky. I've gotten so many compliments on it already. Plus, it's a nice subtle way to show my appreciation for Google's awesome products. Definitely recommend it if you're looking for a good, everyday hoodie.",Threads,@ThreadsUser_1190_351,46030,4
168,1168,5010,2025-01-17 05:52:32,"Just got my Google Cambridge Campus tee and I absolutely love it! The fabric is so soft and comfortable, perfect for everyday wear. The design is simple but cool, and it's a great way to show off my interest in tech and the Google brand without being too flashy. I ordered a size up for a slightly oversized fit and it's exactly what I wanted. Definitely recommend this shirt to anyone who's a Google fan or just looking for a comfortable, well-made t-shirt!",Threads,@ThreadsUser_1168_575,34243,5
99,1099,5010,2025-06-04 21:22:45,"My little guy absolutely loves his Android Pocket Toddler Tee in Navy! The color is a really nice, deep navy that hasn't faded at all after several washes. The fabric is super soft and comfortable, which is a must for my sensory-sensitive toddler. He loves the little pocket – he puts all sorts of treasures in there! It's a great quality tee that's held up really well to all his playground adventures. I'll definitely be buying more colors!",Twitter,@TwitterUser_1099_739,26172,5
71,1071,5010,2025-03-02 06:20:23,"This Google Tech Fleece is awesome! The grey color is really versatile and goes with everything. The material is so comfortable, like wearing a cloud, but still feels really durable. I've worn it for workouts, lounging around the house, and even running errands. It keeps me warm without being too bulky. Definitely worth the price!",Twitter,@TwitterUser_1071_708,39573,2
66,1066,5010,2025-03-21 07:52:27,"I absolutely love my #IamRemarkable Water Bottle! It's so much more than just a bottle; it's a daily reminder to celebrate my accomplishments, big and small. The design is sleek and modern, and it keeps my water cold all day long. Plus, knowing that a portion of the proceeds goes to supporting the #IamRemarkable initiative makes me feel good about my purchase. It's durable, easy to clean, and a great conversation starter. Highly recommend!",Twitter,@TwitterUser_1066_260,24983,4
196,1196,5010,2024-12-04 09:08:54,"This rain shell is exactly what I was looking for! It's super lightweight and packs down small, making it perfect for throwing in my backpack when I'm hiking or traveling. The fit is flattering, and I appreciate the adjustable hood and cuffs for extra protection against the elements. I've worn it in light rain and even a bit of a downpour, and it kept me dry and comfortable. Definitely a great value for the price!",Twitter,@TwitterUser_1196_754,24842,4
101,1101,5010,2025-02-24 09:51:19,"Okay, I absolutely love my Google Bike Bottle! It's surprisingly sturdy, and the matte finish feels great in my hand, even when I'm sweating on a tough climb. I was worried it might leak, but it's been completely leakproof so far. The Google logo is subtle but cool, and it just looks really sleek on my bike. Definitely worth the price for a durable and stylish water bottle. Keeps my water cold for a good amount of time too!",Twitter,@TwitterUser_1101_438,29955,5
93,1093,5010,2025-05-16 04:06:50,"Okay, I'm absolutely loving my Google Confetti Accessory Pouch! It's even cuter in person than it looks online. The pattern is so cheerful and bright, and it's surprisingly roomy. I use it to keep all my charging cables and earbuds organized when I'm traveling, and it fits perfectly in my backpack. The zipper feels sturdy and the material seems really durable. Definitely worth the purchase if you're looking for a fun and practical way to keep your tech accessories tidy!",X,@XUser_1093_795,40823,1
114,1114,5010,2025-06-01 22:22:56,"I absolutely love my Google Eco Tee! The black color is classic and goes with everything. It's incredibly soft and comfortable, and I appreciate that it's made with sustainable materials. I've worn it a few times already, and it washes really well, holding its shape and color perfectly. Plus, it's a subtle way to show my love for Google. Definitely recommend this tee to anyone looking for a comfy and environmentally conscious option!",X,@XUser_1114_753,21595,3
20,1020,5010,2024-11-22 17:06:34,"This hoodie is seriously comfy! I love the design, it's subtle but definitely shows off my Google pride. The material is super soft and cozy, perfect for those chilly Boulder evenings or just lounging around the house. I've washed it a few times now and it still looks brand new. Definitely worth the money, and I get compliments on it all the time!",X,@XUser_1020_789,33582,3
97,1097,5010,2024-12-08 10:06:13,"I absolutely love my Android Garden 2019 Tee! The design is so unique and eye-catching, I always get compliments when I wear it. The fabric is really soft and comfortable, perfect for everyday wear. It's held up great after multiple washes too, the print hasn't faded at all. Definitely one of my favorite t-shirts and a must-have for any Android enthusiast with a sense of style. Highly recommend!",X,@XUser_1097_728,38578,4
185,1185,5010,2024-11-10 21:15:48,"This collar is fantastic! I got the Google Medium Pet Collar in Red/Yellow for my beagle, Buster, and it's perfect. The colors are vibrant and really pop against his fur. It seems really durable and well-made, especially the buckle. Plus, it's super easy to adjust for a comfortable fit. Buster doesn't seem bothered by it at all, and I feel much better about him being easily identifiable with such a bright and recognizable collar. Great purchase!",X,@XUser_1185_472,31194,4
172,1172,5010,2025-01-23 08:31:18,"I'm leaving a review after purchasing a Nest Hub and using it for about 2 weeks. It's definitely very convenient to control home lighting or heating with voice commands as it integrates well with Google Home services. I find it especially useful for looking at recipes or listening to music while cooking. The screen brightness and picture quality are also decent, which is satisfactory. However, it's disappointing that it doesn't support as many apps as I expected. Especially, the OTT service app I frequently use is not available, so there's the hassle of having to mirror my smartphone. Also, the voice recognition rate is not perfect, so it sometimes performs strange commands. Overall, I'm satisfied, but I think it would be an even more perfect smart display if software improvements were made.",YouTube,@YouTubeUser_1172_159,25248,5
201,9823,5004,2026-02-06 19:54:44,The product quality is very poor. I definitely do not recommend it.,Instagram,@DummyUser_0000,39759,4
202,10959,5003,2025-11-05 23:37:48,"The delivery was too late, and the product packaging was also a mess.",Facebook,@DummyUser_0001,33560,1
203,8858,5004,2026-03-22 23:40:16,The product quality is very poor. I definitely do not recommend it.,X,@DummyUser_0002,47751,4
204,7272,5001,2026-01-08 11:36:47,The color or design is too different from the photo. I feel deceived.,Blog,@DummyUser_0003,44427,1
205,4264,5010,2025-10-13 00:33:56,"The usage is too complicated, and the manual is unfriendly.",Blog,@DummyUser_0004,42696,2
206,5330,5010,2025-11-07 20:38:24,This quality for this price is unacceptable. Worst purchase experience.,Instagram,@DummyUser_0005,39159,2
207,5424,5007,2025-12-21 13:57:04,This quality for this price is unacceptable. Worst purchase experience.,Instagram,@DummyUser_0006,33472,2
208,9943,5004,2025-12-19 10:06:18,The customer service response was unsatisfactory. It took too long to resolve the issue.,Facebook,@DummyUser_0007,45784,1
209,10008,5007,2025-11-01 12:37:45,The product quality is very poor. I definitely do not recommend it.,Instagram,@DummyUser_0008,26861,4
210,10877,5001,2025-11-26 16:12:43,It was much more disappointing than expected. It was a waste of money.,Instagram,@DummyUser_0009,40775,2
211,2780,5003,2026-02-01 04:01:36,This quality for this price is unacceptable. Worst purchase experience.,Instagram,@DummyUser_0010,37460,2
212,6418,5002,2026-02-16 04:26:13,This quality for this price is unacceptable. Worst purchase experience.,Instagram,@DummyUser_0011,46361,2
213,8686,5005,2025-12-30 13:34:13,"The usage is too complicated, and the manual is unfriendly.",X,@DummyUser_0012,41674,2
214,8871,5004,2025-12-20 00:31:16,It was much more disappointing than expected. It was a waste of money.,Blog,@DummyUser_0013,46590,1
215,8887,5008,2026-03-28 17:43:37,"The delivery was too late, and the product packaging was also a mess.",Instagram,@DummyUser_0014,40378,2
216,8206,5008,2025-12-04 07:56:52,This quality for this price is unacceptable. Worst purchase experience.,X,@DummyUser_0015,47388,2
217,5629,5008,2025-12-31 15:47:26,The color or design is too different from the photo. I feel deceived.,Facebook,@DummyUser_0016,23336,2
218,2057,5007,2025-12-01 21:23:08,The function is not working properly. I want a refund.,X,@DummyUser_0017,26200,2
219,6355,5009,2025-12-17 10:45:24,The function is not working properly. I want a refund.,Blog,@DummyUser_0018,22726,2
220,10842,5007,2026-03-18 10:02:59,I think it would have been much better to buy a similar product.,X,@DummyUser_0019,21804,1
221,5516,5006,2026-02-19 06:56:33,This quality for this price is unacceptable. Worst purchase experience.,X,@DummyUser_0020,34759,1
222,10769,5005,2025-12-19 16:09:29,The color or design is too different from the photo. I feel deceived.,Facebook,@DummyUser_0021,20419,1
223,8496,5009,2025-10-05 14:51:36,This quality for this price is unacceptable. Worst purchase experience.,Blog,@DummyUser_0022,34671,1
224,10920,5009,2025-10-27 06:14:25,I think it would have been much better to buy a similar product.,Instagram,@DummyUser_0023,39264,1
225,10003,5004,2025-10-07 13:20:38,The customer service response was unsatisfactory. It took too long to resolve the issue.,Instagram,@DummyUser_0024,26682,1
226,8533,5004,2025-11-26 17:11:32,The function is not working properly. I want a refund.,Facebook,@DummyUser_0025,43844,2
227,10387,5001,2025-11-12 15:01:27,The color or design is too different from the photo. I feel deceived.,X,@DummyUser_0026,42160,2
228,5480,5010,2026-01-02 09:48:08,"The delivery was too late, and the product packaging was also a mess.",Blog,@DummyUser_0027,44999,2
229,5957,5003,2026-01-26 21:35:03,This quality for this price is unacceptable. Worst purchase experience.,Instagram,@DummyUser_0028,48890,2
230,6436,5006,2025-12-14 10:32:20,The function is not working properly. I want a refund.,Facebook,@DummyUser_0029,30684,2
231,1195,5003,2026-01-18 15:20:24,"The usage is too complicated, and the manual is unfriendly.",Blog,@DummyUser_0030,39573,1
232,2334,5009,2025-12-11 23:24:59,The customer service response was unsatisfactory. It took too long to resolve the issue.,Facebook,@DummyUser_0031,23485,2
233,5919,5004,2026-03-17 12:03:51,I think it would have been much better to buy a similar product.,Blog,@DummyUser_0032,46965,1
234,10669,5010,2025-10-12 22:03:30,I think it would have been much better to buy a similar product.,Blog,@DummyUser_0033,46486,1
235,6540,5001,2026-02-05 17:42:55,"The delivery was too late, and the product packaging was also a mess.",Instagram,@DummyUser_0034,49946,1
236,10500,5001,2026-01-22 16:37:47,"The usage is too complicated, and the manual is unfriendly.",Blog,@DummyUser_0035,45426,2
237,10661,5006,2026-02-15 09:31:42,It was much more disappointing than expected. It was a waste of money.,Instagram,@DummyUser_0036,39064,1
238,5975,5006,2025-12-24 06:54:33,"The usage is too complicated, and the manual is unfriendly.",Blog,@DummyUser_0037,24257,1
239,4462,5004,2025-12-10 05:27:47,This quality for this price is unacceptable. Worst purchase experience.,Facebook,@DummyUser_0038,43682,1
240,5744,5001,2025-10-05 09:15:46,It broke down quickly. The durability is very poor.,X,@DummyUser_0039,35369,2
241,3407,5003,2026-03-04 09:38:24,The customer service response was unsatisfactory. It took too long to resolve the issue.,Instagram,@DummyUser_0040,28332,2
242,4533,5005,2025-12-10 23:42:25,The product quality is very poor. I definitely do not recommend it.,Instagram,@DummyUser_0041,26200,4
243,6531,5010,2025-12-14 04:28:47,The function is not working properly. I want a refund.,Facebook,@DummyUser_0042,24766,2
244,9141,5003,2025-10-02 06:05:38,The color or design is too different from the photo. I feel deceived.,Facebook,@DummyUser_0043,36735,2
245,5327,5002,2025-10-22 02:27:37,It was much more disappointing than expected. It was a waste of money.,Instagram,@DummyUser_0044,49455,2
246,4606,5010,2025-10-13 17:37:41,The function is not working properly. I want a refund.,X,@DummyUser_0045,37268,1
247,4764,5008,2025-10-17 12:13:55,"The delivery was too late, and the product packaging was also a mess.",Instagram,@DummyUser_0046,33923,2
248,8710,5001,2025-11-06 11:39:10,I think it would have been much better to buy a similar product.,Facebook,@DummyUser_0047,30563,1
249,8857,5007,2026-03-16 22:18:34,The product quality is very poor. I definitely do not recommend it.,Instagram,@DummyUser_0048,36372,4
250,7170,5004,2025-10-14 12:55:52,It broke down quickly. The durability is very poor.,Blog,@DummyUser_0049,22810,2